,City,Temperature,Humidity,Cloudiness,Wind Speed,Country,Date,Lat,Lng
0,andros town,87.8,66,40,6.93,BS,1592927315,24.7,-77.77
1,almaznyy,87.8,40,20,8.95,RU,1592927315,48.04,40.05
2,east london,72.99,37,0,4.47,ZA,1592926883,-33.02,27.91
3,mataura,39.0,83,8,3.0,NZ,1592926880,-46.19,168.86
4,punta arenas,39.09,75,52,21.92,CL,1592926878,-53.15,-70.92
5,vaini,71.6,94,20,4.7,TO,1592926882,-21.2,-175.2
6,norman wells,53.6,93,75,5.82,CA,1592927316,65.28,-126.83
7,albany,85.32,52,74,1.01,US,1592926888,42.6,-73.97
8,yellowknife,61.75,76,40,14.99,CA,1592926752,62.46,-114.35
9,thessalon,69.8,88,90,5.82,CA,1592927316,46.25,-83.57
10,beringovskiy,37.24,79,1,5.84,RU,1592927316,63.05,179.32
11,batemans bay,48.99,75,51,12.06,AU,1592926881,-35.72,150.18
12,atuona,78.73,71,6,17.22,PF,1592926883,-9.8,-139.03
13,busselton,52.16,75,76,13.96,AU,1592926879,-33.65,115.33
14,new norfolk,50.7,91,100,1.01,AU,1592926880,-42.78,147.06
15,ushuaia,33.8,90,90,5.23,AR,1592926883,-54.8,-68.3
16,qaanaaq,37.76,87,8,0.87,GL,1592926879,77.48,-69.36
17,yanai,75.2,73,40,2.19,JP,1592927316,33.97,132.12
18,pamanukan,76.64,87,2,3.49,ID,1592927316,-6.28,107.81
19,ribeira grande,69.8,73,40,12.75,PT,1592927316,38.52,-28.7
20,owando,85.62,55,92,2.17,CG,1592927317,-0.48,15.9
21,carlisle,79.47,77,33,3.0,US,1592927317,40.2,-77.19
22,maldonado,65.71,93,90,9.17,UY,1592927317,-34.67,-54.92
23,bonthe,82.58,75,80,10.87,SL,1592927317,7.53,-12.51
24,voh,67.62,79,0,1.07,NC,1592927317,-20.97,164.7
25,bluff,39.0,83,35,3.0,NZ,1592926880,-46.6,168.33
26,torbay,77.16,69,20,17.22,CA,1592927317,47.67,-52.73
27,tatawin,87.8,29,40,9.17,TN,1592927317,32.93,10.45
28,sao filipe,81.34,58,6,15.64,CV,1592926889,14.9,-24.5
29,jamestown,73.26,78,75,9.17,US,1592926888,42.1,-79.24
30,oudtshoorn,59.0,72,0,4.7,ZA,1592927318,-33.59,22.2
31,hobart,52.5,87,90,10.29,AU,1592926752,-42.88,147.33
32,cape town,61.59,59,19,12.75,ZA,1592926585,-33.93,18.42
33,klaksvik,53.6,87,24,13.87,FO,1592927318,62.23,-6.59
34,codrington,52.84,89,58,2.89,AU,1592927318,-38.27,141.97
35,chimbote,66.4,74,62,12.57,PE,1592927318,-9.09,-78.58
36,puerto ayora,71.91,78,75,12.75,EC,1592926886,-0.74,-90.35
37,yanam,86.0,66,40,10.29,IN,1592927320,16.73,82.22
38,grindavik,51.8,71,75,14.99,IS,1592927320,63.84,-22.43
39,chokurdakh,59.86,42,32,6.53,RU,1592926881,70.63,147.92
40,katsuura,71.15,100,75,4.7,JP,1592927321,35.13,140.3
41,abu samrah,82.53,23,0,17.05,SY,1592927321,35.3,37.18
42,port alfred,64.0,60,0,3.0,ZA,1592926884,-33.59,26.89
43,hualmay,66.49,70,63,9.26,PE,1592926883,-11.1,-77.61
44,hami,79.99,14,54,5.75,CN,1592927322,42.8,93.45
45,tasiilaq,48.2,66,75,1.12,GL,1592926879,65.61,-37.64
46,san cristobal,87.8,48,40,25.28,VE,1592927322,7.77,-72.22
47,port elizabeth,64.4,55,0,8.05,ZA,1592926888,-33.92,25.57
48,chippewa falls,65.89,72,90,6.93,US,1592926685,44.94,-91.39
49,mahebourg,71.6,83,40,8.05,MU,1592927322,-20.41,57.7
50,amnat charoen,84.09,69,94,6.96,TH,1592927322,15.86,104.63
51,nishihara,80.69,94,75,4.7,JP,1592927322,26.18,127.76
52,barceloneta,87.93,70,40,11.41,PR,1592927321,18.45,-66.54
53,nikolskoye,75.65,38,0,11.18,RU,1592926880,59.7,30.79
54,rikitea,69.66,52,92,10.94,PF,1592926881,-23.12,-134.97
55,amot,79.57,44,73,9.17,NO,1592927323,59.57,7.99
56,fremont,64.09,82,90,3.36,US,1592927323,37.55,-121.99
57,guadalupe victoria,78.8,41,5,6.93,MX,1592927323,32.29,-115.11
58,te anau,40.68,89,59,0.83,NZ,1592927323,-45.42,167.72
59,dubai,96.28,41,8,6.93,AE,1592927315,25.26,55.3
60,bredasdorp,62.6,63,34,3.65,ZA,1592926882,-34.53,20.04
61,shenjiamen,75.96,96,100,12.01,CN,1592927323,29.96,122.3
62,broome,75.36,78,75,8.05,US,1592927323,42.25,-75.83
63,tautira,71.29,68,54,2.24,PF,1592927324,-17.73,-149.15
64,ust-tarka,54.41,94,99,17.94,RU,1592927075,55.57,75.7
65,kyzyl-suu,56.62,64,90,1.16,KG,1592927324,42.34,78.0
66,samarai,79.39,87,86,14.76,PG,1592927324,-10.62,150.67
67,tual,80.69,81,7,17.76,ID,1592927324,-5.67,132.75
68,dikson,38.23,86,58,13.15,RU,1592927324,73.51,80.55
69,victoria,84.56,74,85,8.01,HK,1592926834,22.29,114.16
70,la ronge,66.2,63,20,4.7,CA,1592927324,55.1,-105.28
71,namibe,74.53,63,1,8.88,AO,1592926887,-15.2,12.15
72,mehamn,46.4,81,0,6.93,NO,1592927324,71.04,27.85
73,marawi,75.99,89,91,3.0,PH,1592927325,8.0,124.29
74,hermanus,64.0,71,28,10.8,ZA,1592926887,-34.42,19.23
75,svetlaya,51.08,94,100,7.7,RU,1592927325,46.54,138.33
76,deputatskiy,61.92,76,29,1.14,RU,1592927325,69.3,139.9
77,inverell,40.95,90,22,1.01,AU,1592927325,-29.78,151.12
78,longyearbyen,48.2,66,20,5.82,SJ,1592926878,78.22,15.64
79,lianran,72.34,68,40,15.66,CN,1592927325,24.92,102.48
80,mahanje,65.1,69,23,2.57,TZ,1592927325,-9.93,35.33
81,zapolyarnyy,55.4,43,55,5.82,RU,1592927325,69.42,30.81
82,petilia policastro,80.6,42,40,10.29,IT,1592927325,39.11,16.79
83,tiksi,51.12,70,5,4.56,RU,1592927325,71.69,128.87
84,zhongshu,67.84,88,100,4.12,CN,1592927325,24.52,103.77
85,fortuna,58.86,100,20,5.17,US,1592926880,40.6,-124.16
86,alpena,71.87,83,90,4.7,US,1592927326,45.06,-83.43
87,victoria point,52.54,52,0,12.01,AU,1592927326,-27.58,153.3
88,mar del plata,53.04,82,75,6.93,AR,1592927310,-38.0,-57.56
89,saint george,86.5,16,1,1.63,US,1592926766,37.1,-113.58
90,barrow,33.8,86,90,4.7,US,1592926888,71.29,-156.79
91,pisco,64.24,77,75,6.93,PE,1592927125,-13.7,-76.22
92,greencastle,71.06,78,90,12.75,US,1592927120,39.64,-86.86
93,alyangula,69.8,77,0,4.7,AU,1592927326,-13.85,136.42
94,jever,72.21,49,20,9.17,DE,1592927326,53.58,7.9
95,villa del rosario,87.8,48,40,25.28,CO,1592927326,7.83,-72.47
96,sorong,79.83,83,68,7.54,ID,1592927326,-0.88,131.25
97,chuy,69.85,83,79,10.74,UY,1592926879,-33.7,-53.46
98,lebu,50.09,79,100,10.63,CL,1592926886,-37.62,-73.65
99,butaritari,82.74,76,10,15.66,KI,1592926878,3.07,172.79
100,butte,77.65,50,1,5.82,US,1592927327,39.65,-121.57
101,terrace,51.8,93,75,9.17,CA,1592927327,54.52,-128.6
102,kapaa,71.65,83,20,12.75,US,1592926882,22.08,-159.32
103,anadyr,46.18,100,75,6.71,RU,1592927327,64.75,177.48
104,kodiak,48.2,93,90,5.82,US,1592927327,57.79,-152.41
105,lavrentiya,38.95,74,57,6.8,RU,1592927327,65.58,-171.0
106,provideniya,39.49,73,11,6.4,RU,1592927327,64.38,-173.3
107,manokwari,79.3,77,78,5.14,ID,1592926882,-0.87,134.08
108,korla,87.26,16,75,20.94,CN,1592926882,41.76,86.15
109,whitehorse,48.52,57,20,4.7,CA,1592927122,60.72,-135.05
110,vardo,44.6,75,36,13.87,NO,1592926883,70.37,31.11
111,saint-philippe,63.3,73,11,14.99,RE,1592926883,-21.36,55.77
112,sitka,51.8,93,75,2.93,US,1592927327,57.05,-135.33
113,rio grande,80.29,54,40,9.17,BR,1592927141,-32.03,-52.1
114,soyo,80.6,69,20,11.41,AO,1592927328,-6.13,12.37
115,nara,72.63,26,32,2.77,JP,1592927321,34.69,135.8
116,yar-sale,49.84,61,50,9.73,RU,1592927328,66.83,70.83
117,flinders,52.59,66,8,7.0,AU,1592927328,-34.58,150.86
118,dudinka,60.8,55,32,6.71,RU,1592927328,69.41,86.18
119,cayenne,80.6,83,90,4.7,GF,1592926667,4.93,-52.33
120,hilo,60.51,77,40,8.05,US,1592926735,19.73,-155.09
121,carnarvon,62.6,82,0,8.05,AU,1592926886,-24.87,113.63
122,castro,71.17,58,81,8.3,BR,1592926882,-24.79,-50.01
123,husavik,59.0,47,20,11.41,IS,1592927328,66.04,-17.34
124,hithadhoo,84.69,76,100,10.38,MV,1592926879,-0.6,73.08
125,bethel,82.22,58,20,13.87,US,1592926750,41.37,-73.41
126,tuatapere,39.0,83,42,3.0,NZ,1592927329,-46.13,167.68
127,haines junction,45.93,61,72,6.02,CA,1592927329,60.75,-137.51
128,santa cruz del sur,88.43,63,9,9.35,CU,1592927329,20.71,-78.0
129,isangel,75.2,83,75,10.16,VU,1592927329,-19.55,169.27
130,dabra,93.9,45,77,8.52,IN,1592927081,25.9,78.33
131,cidreira,75.18,59,3,6.38,BR,1592927329,-30.18,-50.21
132,binika,86.94,61,8,4.32,IN,1592927329,21.03,83.8
133,eyl,82.65,68,14,26.35,SO,1592927329,7.98,49.82
134,bengkulu,76.6,86,99,6.67,ID,1592926879,-3.8,102.27
135,airai,54.14,100,19,3.27,TL,1592927329,-8.93,125.41
136,bathsheba,87.8,66,40,20.8,BB,1592927329,13.22,-59.52
137,weatherford,70.74,93,100,1.99,US,1592927307,32.76,-97.8
138,cam ranh,87.8,70,40,4.7,VN,1592927330,11.92,109.16
139,igrim,52.32,79,49,1.43,RU,1592927330,63.19,64.42
140,saint anthony,68.86,64,90,11.41,US,1592927330,45.02,-93.22
141,mapiripan,79.54,80,87,5.12,CO,1592927328,2.89,-72.13
142,muros,75.99,69,11,11.01,ES,1592927330,42.78,-9.06
143,tura,76.71,93,99,5.46,IN,1592927330,25.52,90.22
144,valparaiso,52.59,100,75,3.36,CL,1592927065,-33.04,-71.63
145,carutapera,87.58,61,73,5.66,BR,1592927330,-1.2,-46.02
146,nome,45.36,61,20,6.93,US,1592927142,64.5,-165.41
147,bafata,90.21,60,85,7.83,GW,1592927330,12.17,-14.75
148,dillon,83.84,65,40,9.17,US,1592927330,34.42,-79.37
149,sobolevo,70.05,83,56,7.16,RU,1592927330,54.43,31.9
150,kaitangata,46.99,83,50,4.07,NZ,1592926882,-46.28,169.85
151,innisfail,63.54,79,3,5.59,AU,1592927171,-17.53,146.03
152,marsh harbour,83.03,77,20,10.49,BS,1592926889,26.54,-77.06
153,lumeje,71.74,25,0,2.95,AO,1592927331,-11.55,20.78
154,rawson,51.55,44,3,9.13,AR,1592927069,-43.3,-65.1
155,stornoway,61.3,67,20,11.41,GB,1592927331,58.21,-6.39
156,esperance,55.4,82,75,16.11,AU,1592927331,-33.87,121.9
157,san quintin,66.49,79,99,8.32,MX,1592927125,30.48,-115.95
158,puerto del rosario,78.8,61,20,21.92,ES,1592927331,28.5,-13.86
159,severnoye,57.52,83,99,2.37,RU,1592927331,56.35,78.36
160,flin flon,73.4,43,20,2.24,CA,1592927331,54.77,-101.86
161,guiren,72.18,93,86,6.51,CN,1592927331,33.67,118.19
162,glyadyanskoye,56.05,71,29,4.79,RU,1592927331,54.91,65.09
163,arraial do cabo,82.4,51,40,16.11,BR,1592926878,-22.97,-42.03
164,neuquen,44.6,65,75,2.24,AR,1592927123,-38.95,-68.06
165,girisu de cris,71.6,68,40,16.11,RO,1592927332,47.06,21.76
166,george,59.0,72,0,4.7,ZA,1592927332,-33.96,22.46
167,la empalizada,86.31,68,100,3.78,MX,1592927332,21.31,-97.66
168,palaia fokaia,77.58,54,40,14.99,GR,1592927332,37.72,23.95
169,coquimbo,57.2,82,90,3.36,CL,1592927332,-29.95,-71.34
170,moerai,72.27,60,100,10.74,PF,1592927332,-22.43,-151.33
171,tuktoyaktuk,37.4,93,90,23.04,CA,1592927332,69.45,-133.04
172,dryden,64.4,59,75,5.82,CA,1592927334,49.78,-92.75
173,atyrau,86.0,15,12,8.95,KZ,1592927334,47.12,51.88
174,phuket,77.0,94,20,2.24,TH,1592927305,8.0,98.25
175,bilma,107.53,6,0,8.63,NE,1592927335,18.69,12.92
176,ketchikan,52.54,100,90,11.41,US,1592927260,55.34,-131.65
177,gazanjyk,91.04,13,0,4.36,TM,1592927335,39.24,55.52
178,douglas,71.62,49,1,10.29,US,1592927217,41.3,-96.17
179,arlit,108.52,6,0,5.37,NE,1592927335,18.74,7.39
180,vung tau,84.58,76,100,8.97,VN,1592927335,10.35,107.08
181,evensk,50.5,77,10,3.24,RU,1592927335,61.95,159.23
182,strezhevoy,55.4,71,96,6.26,RU,1592927335,60.73,77.59
183,port lincoln,51.03,70,20,5.66,AU,1592927335,-34.73,135.87
184,ancud,41.43,100,75,6.93,CL,1592926882,-41.87,-73.82
185,thompson,69.8,64,20,4.7,CA,1592926880,55.74,-97.86
186,taltal,62.19,66,99,3.65,CL,1592927335,-25.4,-70.48
187,aban,64.35,71,20,4.45,RU,1592927335,56.67,96.06
188,markova,66.2,93,75,8.95,UA,1592927336,48.68,24.41
189,hamilton,74.07,88,75,8.05,US,1592926830,39.18,-84.53
190,cabo san lucas,88.48,7,5,5.82,MX,1592927136,22.89,-109.91
191,portland,68.04,59,20,3.36,US,1592927055,45.52,-122.68
192,touros,82.4,65,62,9.17,BR,1592927336,-5.2,-35.46
193,batagay-alyta,63.9,66,82,3.31,RU,1592927336,67.8,130.41
194,alofi,68.0,100,39,2.24,NU,1592926888,-19.06,-169.92
195,utete,75.85,76,69,6.2,TZ,1592927336,-7.99,38.76
196,kushima,69.89,82,56,1.43,JP,1592927336,31.46,131.23
197,visby,71.17,48,29,6.93,SE,1592927336,57.64,18.3
198,isabela,78.8,94,75,1.45,PH,1592927336,6.71,121.97
199,oakland,70.81,78,75,9.17,US,1592927095,42.67,-83.4
200,verkhoyansk,69.22,46,0,4.5,RU,1592927336,67.54,133.38
201,la palma,64.27,82,90,5.82,US,1592927295,33.85,-118.05
202,avarua,75.2,78,64,12.75,CK,1592926879,-21.21,-159.78
203,vanavara,63.43,75,62,3.4,RU,1592927337,60.34,102.28
204,vostok,53.83,100,100,3.65,RU,1592927337,46.49,135.88
205,iqaluit,46.2,70,75,16.11,CA,1592927209,63.75,-68.51
206,luderitz,73.4,40,0,4.7,NA,1592926882,-26.65,15.16
207,paamiut,40.1,79,25,20.47,GL,1592927337,61.99,-49.67
208,vagamo,75.27,38,91,3.04,NO,1592927337,61.88,9.1
209,muleba,77.0,69,13,5.82,TZ,1592927337,-1.84,31.65
210,sisimiut,43.11,65,6,8.55,GL,1592927337,66.94,-53.67
211,mount isa,44.6,45,0,4.7,AU,1592927337,-20.73,139.5
212,tessalit,107.56,6,0,6.22,ML,1592927337,20.2,1.01
213,grand gaube,71.01,77,4,3.0,MU,1592927338,-20.01,57.66
214,porto recanati,82.13,32,0,6.93,IT,1592927338,43.44,13.66
215,ngunguru,59.0,97,100,14.0,NZ,1592927338,-35.62,174.5
216,nizhnevartovsk,57.2,62,20,4.65,RU,1592927103,60.93,76.55
217,keti bandar,88.88,74,21,10.87,PK,1592927338,24.14,67.45
218,sawakin,90.86,42,63,7.31,SD,1592927338,19.11,37.33
219,fairbanks,48.49,93,90,9.17,US,1592926656,64.84,-147.72
220,derzhavinsk,61.16,52,0,11.07,KZ,1592927338,51.1,66.32
221,porto santo,69.8,73,75,17.22,PT,1592927338,33.07,-16.34
222,wenling,79.66,99,98,5.03,CN,1592927338,28.37,121.36
223,la primavera,83.88,75,13,10.18,CO,1592927338,5.49,-70.41
224,churapcha,58.96,64,62,5.28,RU,1592927338,62.0,132.43
225,sao jose da coroa grande,80.92,72,5,13.69,BR,1592926883,-8.9,-35.15
226,bossier city,81.25,69,20,8.05,US,1592927202,32.52,-93.73
227,kruisfontein,53.29,79,0,1.57,ZA,1592927339,-34.0,24.73
228,tazovskiy,48.18,63,100,7.45,RU,1592927339,67.47,78.7
229,villarrobledo,90.28,24,0,8.01,ES,1592927339,39.27,-2.6
230,hinton,68.85,46,84,3.51,CA,1592927124,53.4,-117.59
231,macedo de cavaleiros,94.68,15,0,5.66,PT,1592927339,41.54,-6.96
232,george town,84.09,83,20,3.36,MY,1592927339,5.41,100.34
233,masindi,70.57,78,8,1.48,UG,1592927339,1.67,31.71
234,santa vitoria do palmar,72.01,76,45,11.86,BR,1592927339,-33.52,-53.37
235,sinnamary,80.85,85,83,8.37,GF,1592927339,5.38,-52.95
236,khatanga,69.19,60,75,6.08,RU,1592927339,71.97,102.5
237,kanker,79.38,78,0,4.97,IN,1592927339,20.27,81.49
238,nabire,76.12,88,35,3.51,ID,1592927339,-3.37,135.48
239,itoman,80.78,88,40,4.7,JP,1592927339,26.12,127.67
240,mount gambier,51.8,100,90,2.24,AU,1592926887,-37.83,140.77
241,amahai,82.0,96,30,4.81,ID,1592927340,-3.33,128.92
242,balasheyka,62.22,68,96,1.9,RU,1592927340,53.28,48.09
243,umba,52.56,55,35,5.37,RU,1592927340,66.69,34.34
244,komsomolskiy,86.0,27,20,9.17,UZ,1592927340,40.43,71.72
245,guerrero negro,66.06,76,100,9.06,MX,1592927340,27.98,-114.06
246,kommunisticheskiy,51.42,83,55,2.73,RU,1592927340,61.68,64.48
247,vila velha,77.67,61,40,4.7,BR,1592927340,-20.33,-40.29
248,lompoc,55.27,93,90,3.36,US,1592926888,34.64,-120.46
249,sao miguel do iguacu,80.6,44,0,14.99,BR,1592927203,-25.35,-54.24
250,souillac,71.6,83,40,8.05,MU,1592927340,-20.52,57.52
251,manggar,80.67,83,97,10.47,ID,1592927340,-2.88,108.27
252,salamiyah,79.14,30,0,17.74,SY,1592927340,35.01,37.05
253,kharan,101.93,15,73,6.44,PK,1592927340,28.58,65.42
254,baruun-urt,62.69,69,9,17.63,MN,1592927341,46.68,113.28
255,saldanha,66.2,52,0,4.7,ZA,1592926762,-33.01,17.94
256,port-gentil,80.6,74,20,11.41,GA,1592927341,-0.72,8.78
257,gat,77.67,74,0,12.53,IL,1592927341,31.61,34.76
258,camacha,69.8,73,75,17.22,PT,1592927341,33.08,-16.33
259,yerbogachen,58.71,63,44,4.52,RU,1592926879,61.28,108.01
260,andira,90.03,50,93,4.41,BR,1592927341,-0.74,-47.84
261,upernavik,35.62,86,64,10.71,GL,1592927341,72.79,-56.15
262,bowen,55.09,87,0,5.79,AU,1592927042,-20.02,148.23
263,san andres,87.8,74,75,16.11,CO,1592927341,12.58,-81.7
264,baykit,61.47,80,35,2.59,RU,1592927341,61.67,96.37
265,xiaoweizhai,72.88,93,100,1.59,CN,1592927342,26.19,107.51
266,fort nelson,59.0,58,40,5.82,CA,1592927171,58.81,-122.7
267,emerald,51.46,57,0,6.93,AU,1592927342,-23.53,148.17
268,upington,75.2,17,0,8.05,ZA,1592927342,-28.45,21.26
269,masvingo,57.06,54,17,6.96,ZW,1592927342,-20.06,30.83
270,jaszladany,70.93,68,61,6.93,HU,1592927342,47.37,20.17
271,cherskiy,39.76,72,48,9.62,RU,1592927342,68.75,161.3
272,ulladulla,47.26,66,39,16.11,AU,1592927342,-35.35,150.47
273,faanui,77.99,79,55,17.2,PF,1592926878,-16.48,-151.75
274,eqbaliyeh,90.57,12,0,4.7,IR,1592927342,35.3,51.54
275,cefalu,76.46,77,7,1.99,IT,1592927342,38.04,14.02
276,urumqi,77.0,20,26,2.24,CN,1592927342,43.8,87.6
277,olafsvik,51.21,71,14,7.83,IS,1592927342,64.89,-23.71
278,cururupu,89.6,52,44,6.64,BR,1592927343,-1.83,-44.87
279,kashi,80.6,20,40,22.37,CN,1592927343,39.45,75.98
280,edwardsville,72.09,73,20,9.17,US,1592927343,38.81,-89.95
281,galesong,75.2,94,20,2.24,ID,1592927343,-5.32,119.37
282,klyuchi,67.84,49,54,8.14,RU,1592927343,52.27,79.17
283,okhotsk,43.14,94,5,7.67,RU,1592927343,59.38,143.3
284,cap malheureux,71.01,77,3,3.0,MU,1592927343,-19.98,57.61
285,macamic,75.2,57,90,10.29,CA,1592927343,48.75,-79.0
286,clyde river,42.8,81,90,13.87,CA,1592927343,70.47,-68.59
287,wahiawa,70.93,88,40,4.23,US,1592927343,21.5,-158.02
288,belyy yar,59.0,87,0,2.24,RU,1592927343,53.6,91.39
289,saint-francois,84.2,39,3,10.29,FR,1592927343,46.42,3.91
290,fuyu,60.57,92,50,1.68,CN,1592927343,45.18,124.82
291,liepaja,69.8,77,99,2.24,LV,1592927343,56.54,21.04
292,hasaki,69.24,94,75,4.7,JP,1592927344,35.73,140.83
293,salalah,84.2,89,40,2.24,OM,1592926889,17.02,54.09
294,bonavista,62.65,79,51,12.95,CA,1592927344,48.65,-53.11
295,nyurba,58.32,63,28,5.75,RU,1592927344,63.28,118.33
296,sao joao da barra,78.8,41,97,11.41,BR,1592926878,-21.64,-41.05
297,comodoro rivadavia,46.4,61,100,8.05,AR,1592927344,-45.87,-67.5
298,rundu,69.8,21,0,8.05,NA,1592927344,-17.93,19.77
299,ukiah,68.54,68,1,1.43,US,1592927136,39.15,-123.21
300,thinadhoo,83.79,77,48,10.69,MV,1592927344,0.53,72.93
301,faya,83.3,10,40,16.11,SA,1592926887,18.39,42.45
302,lisala,81.09,71,84,2.04,CD,1592927344,2.15,21.52
303,tari,98.62,28,8,3.06,NG,1592927344,12.41,4.49
304,georgetown,84.09,83,20,3.36,MY,1592926696,5.41,100.34
305,nyalikungu,76.91,38,93,2.42,TZ,1592927345,-3.18,33.78
306,sistranda,62.6,77,95,10.29,NO,1592927345,63.73,8.83
307,nantucket,68.13,88,75,10.29,US,1592927345,41.28,-70.1
308,wilmington,86.13,70,1,8.05,US,1592927064,34.23,-77.94
309,shingu,66.7,86,54,4.09,JP,1592926885,33.73,135.98
310,colares,77.04,64,20,18.34,PT,1592927345,38.8,-9.45
311,ilulissat,39.2,86,75,5.82,GL,1592926889,69.22,-51.1
312,asau,69.01,81,24,2.71,RO,1592926887,46.43,26.4
313,aswan,107.89,7,0,10.89,EG,1592927125,24.09,32.91
314,kirakira,79.27,81,24,3.2,SB,1592927345,-10.45,161.92
315,sarangani,83.93,75,58,11.16,PH,1592927345,5.4,125.46
316,nuuk,50.0,46,20,5.82,GL,1592927304,64.18,-51.72
317,pavino,62.22,69,79,4.56,RU,1592927345,59.11,46.14
318,saskylakh,77.34,35,72,7.31,RU,1592926885,71.92,114.08
319,nanortalik,42.93,79,12,9.64,GL,1592926887,60.14,-45.24
320,poplar bluff,76.59,65,1,3.36,US,1592927346,36.76,-90.39
321,sal rei,87.8,52,0,18.34,CV,1592927346,16.18,-22.92
322,buraydah,100.4,10,11,20.8,SA,1592927346,26.33,43.98
323,namatanai,81.0,78,53,6.08,PG,1592927346,-3.67,152.43
324,narovchat,57.61,94,100,3.22,RU,1592927346,53.88,43.69
325,burnie,48.0,77,94,4.0,AU,1592927346,-41.07,145.92
326,kavieng,83.1,78,49,10.63,PG,1592926880,-2.57,150.8
327,kavaratti,84.04,78,99,12.03,IN,1592927346,10.57,72.64
328,kununurra,59.0,31,0,10.51,AU,1592927346,-15.77,128.73
329,bubaque,82.65,81,74,8.63,GW,1592927346,11.28,-15.83
330,paciran,78.22,81,65,4.29,ID,1592927346,-6.88,112.38
331,itarema,85.21,58,21,15.28,BR,1592927346,-2.92,-39.92
332,kodinsk,68.18,55,68,1.88,RU,1592927347,58.69,99.18
333,kieta,79.92,76,39,3.18,PG,1592927347,-6.22,155.63
334,ostrovnoy,41.09,69,94,16.06,RU,1592927347,68.05,39.51
335,chapais,73.4,78,75,5.82,CA,1592927347,49.78,-74.85
336,kudahuvadhoo,84.18,78,7,11.41,MV,1592927347,2.67,72.89
337,berlevag,42.69,73,0,9.33,NO,1592927347,70.86,29.09
338,huangcun,74.32,95,100,2.8,CN,1592927347,30.01,118.4
339,pacific grove,57.06,87,90,1.95,US,1592927131,36.62,-121.92
340,kigoma,82.4,54,5,6.93,TZ,1592927347,-4.88,29.63
341,mukhen,55.11,90,100,0.83,RU,1592927347,48.1,136.1
342,kilrush,62.6,88,75,9.17,IE,1592927347,52.64,-9.48
343,meulaboh,76.82,78,99,2.93,ID,1592927348,4.14,96.13
344,keetmanshoop,77.0,13,0,10.29,NA,1592927348,-26.58,18.13
345,franklin square,82.35,65,40,12.75,US,1592927348,40.71,-73.68
346,pochutla,78.4,78,90,11.41,MX,1592926879,15.74,-96.47
347,henties bay,66.99,74,0,7.0,NA,1592927348,-22.12,14.28
348,narsaq,59.0,54,20,8.05,GL,1592927348,60.92,-46.05
349,severo-kurilsk,45.12,86,53,11.07,RU,1592927348,50.68,156.12
350,aklavik,41.0,80,90,18.34,CA,1592926883,68.22,-135.01
351,lensk,54.57,85,33,3.76,RU,1592927348,60.73,114.93
352,karratha,68.52,50,0,4.47,AU,1592927348,-20.74,116.85
353,qeshm,91.4,70,0,9.17,IR,1592927348,26.96,56.27
354,springbok,62.19,30,0,7.27,ZA,1592927348,-29.66,17.89
355,panormos,74.66,80,31,11.99,GR,1592927348,35.42,24.69
356,winburg,44.37,61,0,2.84,ZA,1592927348,-28.52,27.01
357,fukuma,76.08,78,95,3.36,JP,1592927349,33.77,130.47
358,mitzic,81.27,64,25,3.58,GA,1592927349,0.78,11.55
359,viterbo,81.0,32,20,12.75,IT,1592927349,42.42,12.08
360,nyimba,73.02,42,98,8.81,ZM,1592927349,-14.56,30.81
361,casablanca,76.87,64,40,18.34,MA,1592927227,33.59,-7.62
362,two rivers,66.0,76,90,5.01,US,1592927349,44.15,-87.57
363,kahului,71.31,68,20,8.05,US,1592927349,20.89,-156.47
364,eydhafushi,84.16,80,96,10.96,MV,1592927349,5.1,73.07
365,panino,62.6,88,75,8.95,RU,1592927349,51.65,40.13
366,bambous virieux,71.31,83,40,8.05,MU,1592926890,-20.34,57.76
367,lar,91.44,57,32,12.95,IN,1592927349,26.2,83.97
368,pevek,31.3,99,99,9.51,RU,1592926888,69.7,170.31
369,kattivakkam,80.6,74,75,9.17,IN,1592927349,13.22,80.32
370,port hedland,62.6,67,0,8.05,AU,1592927350,-20.32,118.57
371,pangnirtung,39.2,93,90,9.17,CA,1592927350,66.15,-65.71
372,tullahoma,78.85,78,75,11.41,US,1592927350,35.36,-86.21
373,zhezkazgan,67.5,44,0,21.09,KZ,1592927350,47.8,67.71
374,harper,79.38,76,48,12.19,LR,1592927350,4.38,-7.72
375,ponta do sol,70.99,69,40,9.17,PT,1592926881,32.67,-17.1
376,lata,86.14,50,0,8.03,PT,1592927350,40.16,-8.33
377,asyut,104.49,10,0,14.58,EG,1592927350,27.18,31.18
378,felanitx,82.74,54,20,10.29,ES,1592927350,39.47,3.15
379,kenai,47.82,87,1,5.82,US,1592927350,60.55,-151.26
380,esfarayen,84.2,20,20,11.41,IR,1592927350,37.08,57.51
381,plettenberg bay,59.45,64,0,3.4,ZA,1592927350,-34.05,23.37
382,slave lake,60.8,87,75,12.75,CA,1592927350,55.28,-114.77
383,la asuncion,86.0,74,83,16.11,VE,1592926889,11.03,-63.86
384,batabano,89.29,66,20,5.82,CU,1592927351,22.72,-82.29
385,takoradi,81.01,78,100,11.27,GH,1592927351,4.88,-1.76
386,beloha,62.89,84,6,9.28,MG,1592927351,-25.17,45.05
387,tahe,50.27,92,100,0.89,CN,1592927351,52.33,124.73
388,killybegs,60.33,82,90,6.93,IE,1592927351,54.63,-8.45
389,coihueco,44.6,100,90,11.41,CL,1592927351,-36.62,-71.83
390,krasnoborsk,60.4,43,34,10.78,RU,1592927351,61.56,45.93
391,marzuq,92.12,15,89,6.46,YE,1592927351,14.4,46.47
392,rio gallegos,39.2,93,90,16.11,AR,1592927351,-51.62,-69.22
393,domoni,75.9,79,9,12.88,KM,1592927351,-12.26,44.53
394,mweka,83.89,34,4,3.18,CD,1592927351,-4.85,21.57
395,maymyo,70.2,88,100,1.34,MM,1592927352,22.03,96.47
396,taoudenni,113.23,6,35,19.71,ML,1592926881,22.68,-3.98
397,chandauli,86.0,84,40,10.29,IN,1592927352,25.27,83.27
398,port hardy,53.6,100,90,7.29,CA,1592926885,50.7,-127.42
399,tambopata,80.6,74,40,4.7,PE,1592927352,-12.73,-69.18
400,sebrovo,79.0,33,78,8.01,RU,1592927352,50.1,43.3
401,bondowoso,72.28,80,99,4.07,ID,1592927130,-7.91,113.82
402,knysna,59.0,72,0,4.7,ZA,1592927352,-34.04,23.05
403,lagoa,60.96,78,99,16.64,PT,1592926878,39.05,-27.98
404,diapaga,98.15,28,47,4.23,BF,1592927352,12.07,1.79
405,ashington,74.89,56,14,5.82,GB,1592927352,50.93,-0.39
406,olinda,84.2,66,40,13.87,BR,1592927352,-8.01,-34.86
407,ola,46.02,91,98,3.2,RU,1592927352,59.58,151.28
408,hirara,84.34,82,100,4.36,JP,1592927352,24.8,125.28
409,iberia,87.22,74,40,10.29,US,1592927353,29.95,-91.75
410,oulainen,72.0,47,18,11.99,FI,1592927353,64.27,24.8
411,nouadhibou,80.6,57,0,16.11,MR,1592927353,20.93,-17.03
412,padang,79.03,73,99,4.97,ID,1592927243,-0.95,100.35
413,awbari,98.58,10,0,9.4,LY,1592927353,26.59,12.78
414,bandarbeyla,82.02,72,39,31.61,SO,1592927353,9.49,50.81
415,tigre,54.54,93,90,10.29,AR,1592927353,-34.43,-58.58
416,rajgurunagar,77.13,79,2,10.4,IN,1592927353,18.87,73.9
417,resistencia,88.36,40,0,20.8,AR,1592927210,-27.46,-58.98
418,san patricio,87.8,79,40,5.82,MX,1592927353,19.22,-104.7
419,iwaki,64.63,93,52,1.01,JP,1592927353,37.05,140.88
420,mufumbwe,66.29,33,0,3.85,ZM,1592927353,-13.68,24.8
421,dalby,39.99,91,0,6.8,AU,1592927353,-27.18,151.27
422,hopelchen,84.2,74,90,11.41,MX,1592927354,19.77,-89.85
423,ahuimanu,73.8,73,40,5.82,US,1592927354,21.44,-157.84
424,palestina,78.06,61,20,11.41,PS,1592927354,31.92,35.2
425,villa carlos paz,57.61,58,90,14.99,AR,1592927078,-31.42,-64.5
426,jalu,93.97,20,0,13.51,LY,1592926881,29.03,21.55
427,nalut,90.73,17,0,12.59,LY,1592927354,30.33,10.85
428,andra,52.12,81,46,3.0,RU,1592927354,62.51,65.89
429,mancio lima,85.69,63,11,2.19,BR,1592927354,-7.61,-72.9
430,kotka,78.4,34,0,10.29,FI,1592927354,60.47,26.95
431,yenagoa,80.73,83,100,6.62,NG,1592927354,4.92,6.26
432,nemuro,51.33,96,100,13.47,JP,1592926878,43.32,145.57
433,leua,75.49,52,0,13.0,SK,1592927354,48.22,18.61
434,champerico,81.5,75,95,4.23,GT,1592927354,14.3,-91.92
435,humboldt,61.05,87,1,3.62,US,1592927355,40.67,-123.92
436,catamarca,60.49,77,89,1.99,AR,1592927302,-28.47,-65.79
437,naze,77.0,88,90,9.17,JP,1592927355,28.37,129.48
438,pangkalanbuun,74.8,96,98,2.55,ID,1592927355,-2.68,111.62
439,tezu,77.32,84,93,3.09,IN,1592927355,27.92,96.17
440,vallenar,63.32,62,100,3.96,CL,1592927355,-28.57,-70.76
441,yegorlykskaya,80.87,63,81,3.71,RU,1592927355,46.57,40.66
442,invermere,71.73,46,95,6.04,CA,1592927355,50.52,-116.04
443,kathu,77.0,94,20,2.24,TH,1592927355,7.92,98.33
444,simao,67.12,95,100,2.66,CN,1592927355,22.79,100.97
445,coihaique,28.4,100,90,1.12,CL,1592927355,-45.58,-72.07
446,axim,80.64,79,93,10.45,GH,1592927355,4.87,-2.24
447,stutterheim,60.3,31,0,7.27,ZA,1592927357,-32.57,27.42
448,sungaipenuh,66.02,87,100,1.68,ID,1592927357,-2.08,101.38
449,hofn,51.33,77,85,9.95,IS,1592926883,64.25,-15.21
450,tomatlan,89.35,53,29,3.09,MX,1592926644,19.93,-105.25
451,sarany,50.43,90,98,9.73,RU,1592927357,58.5,58.88
452,prince rupert,53.6,87,90,2.24,CA,1592927357,54.32,-130.32
453,wattegama,84.2,74,20,1.12,LK,1592927357,6.8,81.48
454,pontivy,82.02,44,74,9.17,FR,1592927357,48.0,-3.0
455,tulun,60.69,80,61,4.03,RU,1592927357,54.56,100.58
456,pirai do sul,75.0,72,99,4.0,BR,1592927247,-24.53,-49.95
457,talnakh,60.8,55,36,6.71,RU,1592927357,69.49,88.4
458,koygorodok,56.46,85,52,6.71,RU,1592927357,60.45,51.0
459,srednekolymsk,51.53,46,2,9.31,RU,1592927357,67.45,153.68
460,los llanos de aridane,73.33,69,40,14.99,ES,1592927357,28.66,-17.92
461,koslan,46.0,57,100,9.91,RU,1592927357,63.46,48.9
462,aykhal,69.8,35,0,6.71,RU,1592927358,66.0,111.5
463,sola,77.0,100,40,7.72,VU,1592927358,-13.88,167.55
464,batagay,69.49,46,12,3.53,RU,1592927358,67.63,134.63
465,russell,83.59,66,75,9.17,US,1592927358,32.35,-85.2
466,maceio,82.4,65,75,16.11,BR,1592927125,-9.67,-35.74
467,buba,90.34,58,90,9.78,GW,1592927358,11.58,-15.0
468,roma,83.07,54,75,10.29,US,1592927165,43.21,-75.46
469,yulara,44.6,48,0,3.36,AU,1592927358,-25.24,130.99
470,berezovyy,47.41,87,96,2.62,RU,1592927358,51.67,135.7
471,encruzilhada do sul,68.47,79,57,9.42,BR,1592927358,-30.54,-52.52
472,lorengau,81.66,77,53,4.61,PG,1592926883,-2.02,147.27
473,aran,95.0,28,24,10.29,AZ,1592927358,40.63,46.98
474,tommot,53.62,80,6,2.13,RU,1592927358,58.96,126.29
475,acapulco,86.0,70,75,6.93,MX,1592927358,16.86,-99.89
476,jumla,61.75,71,45,1.68,NP,1592926890,29.27,82.18
477,adre,100.87,8,0,5.57,TD,1592927359,13.47,22.2
478,luanda,77.0,78,2,9.17,AO,1592927359,-8.84,13.23
479,mnogovershinnyy,38.64,98,0,1.97,RU,1592926884,53.94,139.92
480,ambulu,75.2,85,100,4.9,ID,1592927359,-8.35,113.61
481,acarau,85.48,60,27,14.65,BR,1592927359,-2.89,-40.12
482,svetlyy,62.6,88,75,13.42,RU,1592927359,54.67,20.13
483,pascagoula,87.51,66,40,9.17,US,1592927359,30.37,-88.56
484,chalmette,82.87,79,75,12.75,US,1592927100,29.94,-89.96
485,presidencia roque saenz pena,88.0,46,0,7.0,AR,1592927359,-26.79,-60.44
486,chekhov,68.61,56,51,8.95,RU,1592927359,55.14,37.47
487,gwembe,59.41,55,100,3.71,ZM,1592927359,-16.5,27.61
488,qasigiannguit,39.2,86,75,5.82,GL,1592927359,68.82,-51.19
489,mandurah,60.01,76,23,1.01,AU,1592927138,-32.55,115.7
490,port shepstone,67.14,60,0,11.21,ZA,1592927359,-30.74,30.45
491,rolla,73.8,64,1,3.36,US,1592927120,37.95,-91.77
492,floriano,93.24,34,0,9.73,BR,1592927359,-6.77,-43.02
493,tamara,75.09,69,75,11.41,HN,1592927360,14.15,-87.33
494,shimoda,64.99,94,82,10.04,JP,1592927360,34.67,138.95
495,anito,80.01,87,55,5.44,PH,1592927360,12.45,125.29
496,richards bay,66.49,64,0,7.2,ZA,1592927360,-28.78,32.04
497,lazaro cardenas,88.74,55,68,1.72,MX,1592927350,17.96,-102.2
498,gagnoa,78.28,92,96,3.98,CI,1592927360,6.13,-5.94
499,mezen,41.49,67,98,11.77,RU,1592927360,65.85,44.24
500,sirjan,88.11,13,0,11.97,IR,1592927360,29.45,55.68
501,waingapu,74.28,73,43,11.32,ID,1592927360,-9.66,120.26
502,ostuni,81.1,61,7,20.8,IT,1592927360,40.73,17.58
503,caravelas,78.51,44,1,6.13,BR,1592927360,-17.71,-39.25
504,aleksandrovsk-sakhalinskiy,48.7,90,97,1.63,RU,1592927360,50.9,142.16
505,yumen,69.64,20,56,8.14,CN,1592927360,40.28,97.2
506,ust-kulom,53.04,56,68,8.86,RU,1592927361,61.69,53.69
507,gogrial,88.48,48,68,6.64,SS,1592927361,8.53,28.1
508,natal,82.4,65,9,9.17,BR,1592926901,-5.79,-35.21
509,cairns,63.0,68,40,8.05,AU,1592927229,-16.92,145.77
510,burgeo,60.51,90,100,4.97,CA,1592927361,47.62,-57.62
511,sidi ali,85.89,30,0,19.26,DZ,1592927361,36.1,0.42
512,anloga,86.0,70,20,12.75,GH,1592927361,5.79,0.9
513,hommelvik,73.29,38,80,13.87,NO,1592927361,63.41,10.79
514,jalapa,75.31,65,51,4.38,MX,1592927350,19.53,-96.92
515,gloversville,81.82,69,1,3.36,US,1592927361,43.05,-74.34
516,ikalamavony,66.63,76,7,5.84,MG,1592927361,-21.15,46.58
517,skelleftea,75.2,53,94,3.36,SE,1592927361,64.75,20.95
518,opuwo,74.35,20,0,8.99,NA,1592927361,-18.06,13.84
519,podporozhye,68.7,57,83,3.31,RU,1592927361,60.91,34.17
520,saint-augustin,70.77,66,66,14.05,CA,1592926638,51.23,-58.65
521,waddan,91.47,17,0,14.16,LY,1592927362,29.16,16.14
522,leh,64.51,26,0,5.1,IN,1592927362,34.17,77.58
523,tecoanapa,90.84,50,95,3.83,MX,1592927362,16.52,-98.75
524,kisiwani,73.6,67,54,5.73,TZ,1592927362,-4.13,37.95
525,sioux lookout,64.4,52,20,6.93,CA,1592927362,50.1,-91.92
526,thoen,78.51,86,94,0.94,TH,1592927362,17.61,99.22
527,moose factory,53.6,81,75,10.29,CA,1592927362,51.26,-80.61
528,pucallpa,84.2,70,40,3.36,PE,1592927362,-8.38,-74.55
529,loandjili,75.63,76,77,9.98,CG,1592927362,-4.76,11.86
530,jacareacanga,90.57,39,0,4.07,BR,1592927362,-6.22,-57.75
531,honningsvag,46.4,81,32,6.93,NO,1592927360,70.98,25.97
532,toora-khem,58.71,65,74,1.66,RU,1592927363,52.47,96.11
533,barcelos,75.9,88,75,8.05,PT,1592927363,41.54,-8.62
534,bitung,77.0,94,20,3.36,ID,1592927363,1.45,125.18
535,avera,80.08,69,75,13.87,US,1592926887,33.19,-82.53
536,tiarei,71.29,68,12,2.24,PF,1592927363,-17.53,-149.33
537,alta floresta,87.42,41,0,4.74,BR,1592927363,-9.88,-56.09
538,minsk,75.2,57,40,11.18,BY,1592927347,53.9,27.57
539,puerto escondido,80.6,78,90,5.82,MX,1592927321,15.85,-97.07
540,paramonga,65.66,74,76,9.24,PE,1592927363,-10.67,-77.83
541,el rosario,88.65,46,4,1.99,MX,1592927363,24.26,-107.18
542,usinsk,46.33,58,96,8.59,RU,1592927363,65.99,57.53
543,mongoumba,80.55,75,100,2.8,CF,1592927363,3.64,18.59
544,jiujiang,75.51,88,100,6.35,CN,1592927364,29.73,115.98
545,atar,111.9,8,0,13.42,MR,1592927364,20.52,-13.05
546,minab,91.4,70,0,9.17,IR,1592927364,27.15,57.08
547,acajutla,82.89,62,20,2.24,SV,1592927364,13.59,-89.83
548,yertarskiy,55.53,73,94,4.54,RU,1592927364,56.79,64.3
549,osmanabad,80.04,70,32,8.84,IN,1592927364,18.17,76.05
550,kombissiri,96.8,41,20,6.93,BF,1592927364,12.07,-1.34
551,san-pedro,79.84,76,84,10.63,CI,1592927364,4.75,-6.64
552,mitsamiouli,79.63,78,3,13.96,KM,1592927364,-11.38,43.28
